case_id,layer,kind,flow_id,tags,seed.path,seed.scenario,seed.match,seed.resp,seed.is_sequence,call.method,call.url,call.headers,call.body.meta.bright_uid,call.body.meta.request_id,call.body.data.flow_id,call.body.data.kyc_type,call.body.data.client,call.expect_status,call2.method,call2.url,call2.headers,call2.expect_status,call2.delay_ms,call2.body.meta.bright_uid,call2.body.meta.request_id,call2.body.data.flow_id,call2.body.data.kyc_type,call3.method,call3.url,call3.headers,call3.expect_status,call3.delay_ms,call3.body.meta.bright_uid,call3.body.meta.request_id,call3.body.data.flow_id,call3.body.data.kyc_type,call3.body.data.client,call3.body.data.in_sync,call3.body.data.additional_data_params.persona_kyc_verified,call3.body.data.additional_data_params.ssn,call3.body.data.additional_data_params.dob,call3.body.data.additional_data_params.first_name,call3.body.data.additional_data_params.address,repeat.same_flow_id,repeat.distinct_ids,repeat.concurrent,resp.status,resp.body,db.host,db.database,db.delay_ms,db1.table,db1.where,db1.expect,db2.table,db2.where,db2.expect,db3.table,db3.where,db3.expect,kafka.bootstrap,kafka1.topic,kafka1.key,kafka1.expect,calls,notes
TC-027,5-BusinessE2E,e2e,flow-{{uuid:flow}},5-businesse2e,/usm/user-profile,usm-5xx,,"status=500;raw={""error"":""internal server error""}",,POST,http://10.0.32.30/api/v1/kyc/start,Content-Type=application/json,{{uuid:uid}},{{uuid:rid}},flow-{{uuid:flow}},DM,app,200,,,,,,,,,,,,,,,,,,,,,,,,,,,,,200,error=null;data.flow_id=not_null,,brightmomey_uks_2,2000,uks_kyc_flow,flow_id=flow-{{uuid:flow}},status=ERROR,uks_kyc_flow,flow_id=flow-{{uuid:flow}},status=ERROR,,,,,,,,/usm/user-profile=1,USM 5xx on data fetch → flow ERROR.
TC-028,5-BusinessE2E,e2e,flow-{{uuid:flow}},5-businesse2e,/usm/user-profile,usm-timeout,,"status=200;delay_ms=32000;raw={""error"":""timeout""}",,POST,http://10.0.32.30/api/v1/kyc/start,Content-Type=application/json,{{uuid:uid}},{{uuid:rid}},flow-{{uuid:flow}},DM,app,200,,,,,,,,,,,,,,,,,,,,,,,,,,,,,200,error=null;data.flow_id=not_null,,brightmomey_uks_2,2000,uks_kyc_flow,flow_id=flow-{{uuid:flow}},status=ERROR,uks_kyc_flow,flow_id=flow-{{uuid:flow}},status=ERROR,,,,,,,,/usm/user-profile=1,USM timeout on data fetch → flow ERROR.
TC-029,5-BusinessE2E,e2e,flow-{{uuid:flow}},5-businesse2e,/usm/user-profile,usm-404,,"status=404;raw={""error"":""user not found""}",,POST,http://10.0.32.30/api/v1/kyc/start,Content-Type=application/json,{{uuid:uid}},{{uuid:rid}},flow-{{uuid:flow}},DM,app,200,,,,,,,,,,,,,,,,,,,,,,,,,,,,,200,error=null;data.flow_id=not_null,,brightmomey_uks_2,2000,uks_kyc_flow,flow_id=flow-{{uuid:flow}},status=ERROR,uks_kyc_flow,flow_id=flow-{{uuid:flow}},status=ERROR,,,,,,,,/usm/user-profile=1,USM 404 user not found → flow ERROR.
TC-030,5-BusinessE2E,e2e,flow-{{uuid:flow}},5-businesse2e,/vendor/idology/verify,idology-retry,,status=500;raw=<error/>,true,POST,http://10.0.32.30/api/v1/kyc/start,Content-Type=application/json,{{uuid:uid}},{{uuid:rid}},flow-{{uuid:flow}},DM,app,200,,,,,,,,,,,,,,,,,,,,,,,,,,,,,200,error=null;data.flow_id=not_null,,brightmomey_uks_2,2000,uks_kyc_flow,flow_id=flow-{{uuid:flow}},status=PASSED,uks_kyc_flow,flow_id=flow-{{uuid:flow}},status=PASSED,uks_user_profile,flow_id=flow-{{uuid:flow}};param_key=ssn,is_active=True,,,,,/usm/user-profile=1;/vendor/idology/verify=2,IDology transient 5xx → retry → PASSED.
TC-030,,,,,/vendor/idology/verify,idology-retry,,"status=200;format=xml;raw=<?xml version=""1.0""?><response><summary-result><key>id.success</key><message>PASSED</message></summary-result><results><key>result.match</key><message>ID Located</message></results></response>",true,,,,,,,,,,,,,,,,,,,,,,,,,,,,,,,,,,,,,,,,,,,,,,,,,,,,,,,,,
TC-030,,,,,/usm/user-profile,usm-profile-default,,"status=200;raw={""bright_uid"":""{{uuid:uid}}"",""primary_email"":""john@example.com"",""primary_phonenum"":""+11234567890"",""first_name"":""John"",""last_name"":""Doe"",""date_of_birth"":""1990-05-15"",""is_kyc_verified"":false,""zip_code"":""78701"",""address"":{""address_type"":""bright"",""manual_address"":{""apt"":"""",""zip"":""78701"",""city"":""Austin"",""state"":{""long_name"":""Texas"",""short_name"":""TX""},""street"":""123 Main St""}},""ssn_encrypted"":""gAAAAABqQnJ4S7_gd7u2iaMV_8jNjzBVe4mkZcJVYDdxDbjrKQj6cvjhPR9Avyo2VKbuE8efqeBjeZIZugYZY23qE8EoKeh7fg=="",""ip"":""192.168.1.1"",""age"":35,""acquired_on"":""IOS_APP"",""is_deleted"":false,""error"":{}}",,,,,,,,,,,,,,,,,,,,,,,,,,,,,,,,,,,,,,,,,,,,,,,,,,,,,,,,,,
TC-031,5-BusinessE2E,e2e,flow-{{uuid:flow}},5-businesse2e,/vendor/idology/verify,idology-5xx,,status=500;raw=<error/>,true,POST,http://10.0.32.30/api/v1/kyc/start,Content-Type=application/json,{{uuid:uid}},{{uuid:rid}},flow-{{uuid:flow}},DM,app,200,,,,,,,,,,,,,,,,,,,,,,,,,,,,,200,error=null;data.flow_id=not_null,,brightmomey_uks_2,2000,uks_kyc_flow,flow_id=flow-{{uuid:flow}},status=ERROR,uks_kyc_flow,flow_id=flow-{{uuid:flow}},status=ERROR,,,,,,,,/usm/user-profile=1;/vendor/idology/verify=2,IDology 5xx on all retry attempts → ERROR.
TC-031,,,,,/vendor/idology/verify,idology-5xx,,status=500;raw=<error/>,true,,,,,,,,,,,,,,,,,,,,,,,,,,,,,,,,,,,,,,,,,,,,,,,,,,,,,,,,,
TC-031,,,,,/usm/user-profile,usm-profile-default,,"status=200;raw={""bright_uid"":""{{uuid:uid}}"",""primary_email"":""john@example.com"",""primary_phonenum"":""+11234567890"",""first_name"":""John"",""last_name"":""Doe"",""date_of_birth"":""1990-05-15"",""is_kyc_verified"":false,""zip_code"":""78701"",""address"":{""address_type"":""bright"",""manual_address"":{""apt"":"""",""zip"":""78701"",""city"":""Austin"",""state"":{""long_name"":""Texas"",""short_name"":""TX""},""street"":""123 Main St""}},""ssn_encrypted"":""gAAAAABqQnJ4S7_gd7u2iaMV_8jNjzBVe4mkZcJVYDdxDbjrKQj6cvjhPR9Avyo2VKbuE8efqeBjeZIZugYZY23qE8EoKeh7fg=="",""ip"":""192.168.1.1"",""age"":35,""acquired_on"":""IOS_APP"",""is_deleted"":false,""error"":{}}",,,,,,,,,,,,,,,,,,,,,,,,,,,,,,,,,,,,,,,,,,,,,,,,,,,,,,,,,,
TC-032,5-BusinessE2E,e2e,flow-{{uuid:flow}},5-businesse2e,/vendor/idology/verify,idology-fail-no-esc,,"status=200;format=xml;raw=<?xml version=""1.0""?><response><summary-result><key>id.failure</key><message>FAIL</message></summary-result><results><key>result.match</key><message>ID Located</message></results></response>",,POST,http://10.0.32.30/api/v1/kyc/start,Content-Type=application/json,{{uuid:uid}},{{uuid:rid}},flow-{{uuid:flow}},DM,app,200,,,,,,,,,,,,,,,,,,,,,,,,,,,,,200,error=null;data.flow_id=not_null,,brightmomey_uks_2,2000,uks_kyc_flow,flow_id=flow-{{uuid:flow}},status=PASSED,uks_kyc_flow,flow_id=flow-{{uuid:flow}},status=PASSED,uks_user_profile,flow_id=flow-{{uuid:flow}};param_key=ssn,is_active=True,,,,,/usm/user-profile=1;/vendor/idology/verify=1;/api/OAuth2/Token=1;/api/Lists/Search=2,IDology FAIL → LN 5xx retry → LN PASSED → KYC PASSED.
TC-032,,,,,/api/OAuth2/Token,ln-token,,"status=200;raw={""access_token"":""tok_{{uuid:tok}}"",""expires_in"":3600}",,,,,,,,,,,,,,,,,,,,,,,,,,,,,,,,,,,,,,,,,,,,,,,,,,,,,,,,,,
TC-032,,,,,/api/Lists/Search,ln-retry,,"status=503;raw={""error"":""unavailable""}",true,,,,,,,,,,,,,,,,,,,,,,,,,,,,,,,,,,,,,,,,,,,,,,,,,,,,,,,,,
TC-032,,,,,/api/Lists/Search,ln-retry,,"status=200;raw={""Records"":[{""InstantIDIndividual"":{""ComprehensiveVerificationIndex"":50,""NameAddressSSN"":{""RiskCode"":12},""NameAddressPhone"":{""RiskCode"":12}}}]}",true,,,,,,,,,,,,,,,,,,,,,,,,,,,,,,,,,,,,,,,,,,,,,,,,,,,,,,,,,
TC-032,,,,,/usm/user-profile,usm-profile-default,,"status=200;raw={""bright_uid"":""{{uuid:uid}}"",""primary_email"":""john@example.com"",""primary_phonenum"":""+11234567890"",""first_name"":""John"",""last_name"":""Doe"",""date_of_birth"":""1990-05-15"",""is_kyc_verified"":false,""zip_code"":""78701"",""address"":{""address_type"":""bright"",""manual_address"":{""apt"":"""",""zip"":""78701"",""city"":""Austin"",""state"":{""long_name"":""Texas"",""short_name"":""TX""},""street"":""123 Main St""}},""ssn_encrypted"":""gAAAAABqQnJ4S7_gd7u2iaMV_8jNjzBVe4mkZcJVYDdxDbjrKQj6cvjhPR9Avyo2VKbuE8efqeBjeZIZugYZY23qE8EoKeh7fg=="",""ip"":""192.168.1.1"",""age"":35,""acquired_on"":""IOS_APP"",""is_deleted"":false,""error"":{}}",,,,,,,,,,,,,,,,,,,,,,,,,,,,,,,,,,,,,,,,,,,,,,,,,,,,,,,,,,
TC-033,5-BusinessE2E,e2e,flow-{{uuid:flow}},5-businesse2e,/vendor/idology/verify,idology-fail-no-esc,,"status=200;format=xml;raw=<?xml version=""1.0""?><response><summary-result><key>id.failure</key><message>FAIL</message></summary-result><results><key>result.match</key><message>ID Located</message></results></response>",,POST,http://10.0.32.30/api/v1/kyc/start,Content-Type=application/json,{{uuid:uid}},{{uuid:rid}},flow-{{uuid:flow}},DM,app,200,,,,,,,,,,,,,,,,,,,,,,,,,,,,,200,error=null;data.flow_id=not_null,,brightmomey_uks_2,2000,uks_kyc_flow,flow_id=flow-{{uuid:flow}},status=ERROR,uks_kyc_flow,flow_id=flow-{{uuid:flow}},status=ERROR,,,,,,,,/usm/user-profile=1;/vendor/idology/verify=1;/api/OAuth2/Token=1;/api/Lists/Search=2,IDology FAIL → LN 5xx all retries → ERROR.
TC-033,,,,,/api/OAuth2/Token,ln-token,,"status=200;raw={""access_token"":""tok_{{uuid:tok}}"",""expires_in"":3600}",,,,,,,,,,,,,,,,,,,,,,,,,,,,,,,,,,,,,,,,,,,,,,,,,,,,,,,,,,
TC-033,,,,,/api/Lists/Search,ln-5xx,,"status=503;raw={""error"":""unavailable""}",true,,,,,,,,,,,,,,,,,,,,,,,,,,,,,,,,,,,,,,,,,,,,,,,,,,,,,,,,,
TC-033,,,,,/api/Lists/Search,ln-5xx,,"status=503;raw={""error"":""unavailable""}",true,,,,,,,,,,,,,,,,,,,,,,,,,,,,,,,,,,,,,,,,,,,,,,,,,,,,,,,,,
TC-033,,,,,/usm/user-profile,usm-profile-default,,"status=200;raw={""bright_uid"":""{{uuid:uid}}"",""primary_email"":""john@example.com"",""primary_phonenum"":""+11234567890"",""first_name"":""John"",""last_name"":""Doe"",""date_of_birth"":""1990-05-15"",""is_kyc_verified"":false,""zip_code"":""78701"",""address"":{""address_type"":""bright"",""manual_address"":{""apt"":"""",""zip"":""78701"",""city"":""Austin"",""state"":{""long_name"":""Texas"",""short_name"":""TX""},""street"":""123 Main St""}},""ssn_encrypted"":""gAAAAABqQnJ4S7_gd7u2iaMV_8jNjzBVe4mkZcJVYDdxDbjrKQj6cvjhPR9Avyo2VKbuE8efqeBjeZIZugYZY23qE8EoKeh7fg=="",""ip"":""192.168.1.1"",""age"":35,""acquired_on"":""IOS_APP"",""is_deleted"":false,""error"":{}}",,,,,,,,,,,,,,,,,,,,,,,,,,,,,,,,,,,,,,,,,,,,,,,,,,,,,,,,,,
TC-034,5-BusinessE2E,e2e,flow-{{uuid:flow}},5-businesse2e,/vendor/idology/verify,idology-fail-no-esc,,"status=200;format=xml;raw=<?xml version=""1.0""?><response><summary-result><key>id.failure</key><message>FAIL</message></summary-result><results><key>result.match</key><message>ID Located</message></results></response>",,POST,http://10.0.32.30/api/v1/kyc/start,Content-Type=application/json,{{uuid:uid}},{{uuid:rid}},flow-{{uuid:flow}},DM,app,200,,,,,,,,,,,,,,,,,,,,,,,,,,,,,200,error=null;data.flow_id=not_null,,brightmomey_uks_2,2000,uks_kyc_flow,flow_id=flow-{{uuid:flow}},status=ERROR,uks_kyc_flow,flow_id=flow-{{uuid:flow}},status=ERROR,,,,,,,,/usm/user-profile=1;/vendor/idology/verify=1,IDology FAIL → LN OAuth token 401 → ERROR.
TC-034,,,,,/api/OAuth2/Token,ln-token-401,,"status=401;raw={""error"":""unauthorized""}",,,,,,,,,,,,,,,,,,,,,,,,,,,,,,,,,,,,,,,,,,,,,,,,,,,,,,,,,,
TC-034,,,,,/usm/user-profile,usm-profile-default,,"status=200;raw={""bright_uid"":""{{uuid:uid}}"",""primary_email"":""john@example.com"",""primary_phonenum"":""+11234567890"",""first_name"":""John"",""last_name"":""Doe"",""date_of_birth"":""1990-05-15"",""is_kyc_verified"":false,""zip_code"":""78701"",""address"":{""address_type"":""bright"",""manual_address"":{""apt"":"""",""zip"":""78701"",""city"":""Austin"",""state"":{""long_name"":""Texas"",""short_name"":""TX""},""street"":""123 Main St""}},""ssn_encrypted"":""gAAAAABqQnJ4S7_gd7u2iaMV_8jNjzBVe4mkZcJVYDdxDbjrKQj6cvjhPR9Avyo2VKbuE8efqeBjeZIZugYZY23qE8EoKeh7fg=="",""ip"":""192.168.1.1"",""age"":35,""acquired_on"":""IOS_APP"",""is_deleted"":false,""error"":{}}",,,,,,,,,,,,,,,,,,,,,,,,,,,,,,,,,,,,,,,,,,,,,,,,,,,,,,,,,,
TC-035,5-BusinessE2E,e2e,flow-{{uuid:flow}},5-businesse2e,/vendor/idology/verify,idology-fail-no-esc,,"status=200;format=xml;raw=<?xml version=""1.0""?><response><summary-result><key>id.failure</key><message>FAIL</message></summary-result><results><key>result.match</key><message>ID Located</message></results></response>",,POST,http://10.0.32.30/api/v1/kyc/start,Content-Type=application/json,{{uuid:uid}},{{uuid:rid}},flow-{{uuid:flow}},DM,app,200,,,,,,,,,,,,,,,,,,,,,,,,,,,,,200,error=null;data.flow_id=not_null,,brightmomey_uks_2,2000,uks_kyc_flow,flow_id=flow-{{uuid:flow}},status=ERROR,uks_kyc_flow,flow_id=flow-{{uuid:flow}},status=ERROR,,,,,,,,/usm/user-profile=1;/vendor/idology/verify=1;/api/Lists/Search=1;/api/v1/inquiries=1,IDology FAIL → LN non-SSN soft → Persona 401 → ERROR.
TC-035,,,,,/api/OAuth2/Token,ln-token,,"status=200;raw={""access_token"":""tok_{{uuid:tok}}"",""expires_in"":3600}",,,,,,,,,,,,,,,,,,,,,,,,,,,,,,,,,,,,,,,,,,,,,,,,,,,,,,,,,,
TC-035,,,,,/api/Lists/Search,ln-non,,"status=200;raw={""Records"":[{""InstantIDIndividual"":{""ComprehensiveVerificationIndex"":10,""NameAddressSSN"":{""RiskCode"":7},""NameAddressPhone"":{""RiskCode"":12}}}]}",,,,,,,,,,,,,,,,,,,,,,,,,,,,,,,,,,,,,,,,,,,,,,,,,,,,,,,,,,
TC-035,,,,,/api/v1/inquiries,persona-401,,"status=401;raw={""errors"":[{""detail"":""Unauthorized""}]}",,,,,,,,,,,,,,,,,,,,,,,,,,,,,,,,,,,,,,,,,,,,,,,,,,,,,,,,,,
TC-035,,,,,/usm/user-profile,usm-profile-default,,"status=200;raw={""bright_uid"":""{{uuid:uid}}"",""primary_email"":""john@example.com"",""primary_phonenum"":""+11234567890"",""first_name"":""John"",""last_name"":""Doe"",""date_of_birth"":""1990-05-15"",""is_kyc_verified"":false,""zip_code"":""78701"",""address"":{""address_type"":""bright"",""manual_address"":{""apt"":"""",""zip"":""78701"",""city"":""Austin"",""state"":{""long_name"":""Texas"",""short_name"":""TX""},""street"":""123 Main St""}},""ssn_encrypted"":""gAAAAABqQnJ4S7_gd7u2iaMV_8jNjzBVe4mkZcJVYDdxDbjrKQj6cvjhPR9Avyo2VKbuE8efqeBjeZIZugYZY23qE8EoKeh7fg=="",""ip"":""192.168.1.1"",""age"":35,""acquired_on"":""IOS_APP"",""is_deleted"":false,""error"":{}}",,,,,,,,,,,,,,,,,,,,,,,,,,,,,,,,,,,,,,,,,,,,,,,,,,,,,,,,,,
TC-036,5-BusinessE2E,e2e,flow-{{uuid:flow}},5-businesse2e,/vendor/idology/verify,idology-fail-no-esc,,"status=200;format=xml;raw=<?xml version=""1.0""?><response><summary-result><key>id.failure</key><message>FAIL</message></summary-result><results><key>result.match</key><message>ID Located</message></results></response>",,POST,http://10.0.32.30/api/v1/kyc/start,Content-Type=application/json,{{uuid:uid}},{{uuid:rid}},flow-{{uuid:flow}},DM,app,200,,,,,,,,,,,,,,,,,,,,,,,,,,,,,200,error=null;data.flow_id=not_null,,brightmomey_uks_2,2000,uks_kyc_flow,flow_id=flow-{{uuid:flow}},status=ERROR,uks_kyc_flow,flow_id=flow-{{uuid:flow}},status=ERROR,,,,,,,,/usm/user-profile=1;/vendor/idology/verify=1;/api/Lists/Search=1;/api/v1/inquiries=1,IDology FAIL → LN non-SSN → Persona malformed JSON → ERROR.
TC-036,,,,,/api/OAuth2/Token,ln-token,,"status=200;raw={""access_token"":""tok_{{uuid:tok}}"",""expires_in"":3600}",,,,,,,,,,,,,,,,,,,,,,,,,,,,,,,,,,,,,,,,,,,,,,,,,,,,,,,,,,
TC-036,,,,,/api/Lists/Search,ln-non,,"status=200;raw={""Records"":[{""InstantIDIndividual"":{""ComprehensiveVerificationIndex"":10,""NameAddressSSN"":{""RiskCode"":7},""NameAddressPhone"":{""RiskCode"":12}}}]}",,,,,,,,,,,,,,,,,,,,,,,,,,,,,,,,,,,,,,,,,,,,,,,,,,,,,,,,,,
TC-036,,,,,/api/v1/inquiries,persona-malformed,,"status=200;raw={""data"":{""id"":",,,,,,,,,,,,,,,,,,,,,,,,,,,,,,,,,,,,,,,,,,,,,,,,,,,,,,,,,,
TC-036,,,,,/usm/user-profile,usm-profile-default,,"status=200;raw={""bright_uid"":""{{uuid:uid}}"",""primary_email"":""john@example.com"",""primary_phonenum"":""+11234567890"",""first_name"":""John"",""last_name"":""Doe"",""date_of_birth"":""1990-05-15"",""is_kyc_verified"":false,""zip_code"":""78701"",""address"":{""address_type"":""bright"",""manual_address"":{""apt"":"""",""zip"":""78701"",""city"":""Austin"",""state"":{""long_name"":""Texas"",""short_name"":""TX""},""street"":""123 Main St""}},""ssn_encrypted"":""gAAAAABqQnJ4S7_gd7u2iaMV_8jNjzBVe4mkZcJVYDdxDbjrKQj6cvjhPR9Avyo2VKbuE8efqeBjeZIZugYZY23qE8EoKeh7fg=="",""ip"":""192.168.1.1"",""age"":35,""acquired_on"":""IOS_APP"",""is_deleted"":false,""error"":{}}",,,,,,,,,,,,,,,,,,,,,,,,,,,,,,,,,,,,,,,,,,,,,,,,,,,,,,,,,,
TC-037,5-BusinessE2E,e2e,flow-{{uuid:flow}},5-businesse2e,/vendor/idology/verify,idology-PASSED,,"status=200;format=xml;raw=<?xml version=""1.0""?><response><summary-result><key>id.success</key><message>PASSED</message></summary-result><results><key>result.match</key><message>ID Located</message></results></response>",,POST,http://10.0.32.30/api/v1/kyc/start,Content-Type=application/json,{{uuid:uid}},{{uuid:rid}},flow-{{uuid:flow}},DM,app,200,,,,,,,,,,POST,http://10.0.32.30/api/v1/kyc/resume,Content-Type=application/json,200,2000,{{uuid:uid}},{{uuid:rid2}},flow-{{uuid:flow}},DM,USM,true,,,,,,,,,200,error=not_null,,brightmomey_uks_2,2000,uks_kyc_flow,flow_id=flow-{{uuid:flow}},status=PASSED,,,,,,,,,,,/usm/user-profile=1;/vendor/idology/verify=1,IDology PASSED → flow PASSED → /resume → error (flow not PENDING).
TC-037,,,,,/usm/user-profile,usm-profile-default,,"status=200;raw={""bright_uid"":""{{uuid:uid}}"",""primary_email"":""john@example.com"",""primary_phonenum"":""+11234567890"",""first_name"":""John"",""last_name"":""Doe"",""date_of_birth"":""1990-05-15"",""is_kyc_verified"":false,""zip_code"":""78701"",""address"":{""address_type"":""bright"",""manual_address"":{""apt"":"""",""zip"":""78701"",""city"":""Austin"",""state"":{""long_name"":""Texas"",""short_name"":""TX""},""street"":""123 Main St""}},""ssn_encrypted"":""gAAAAABqQnJ4S7_gd7u2iaMV_8jNjzBVe4mkZcJVYDdxDbjrKQj6cvjhPR9Avyo2VKbuE8efqeBjeZIZugYZY23qE8EoKeh7fg=="",""ip"":""192.168.1.1"",""age"":35,""acquired_on"":""IOS_APP"",""is_deleted"":false,""error"":{}}",,,,,,,,,,,,,,,,,,,,,,,,,,,,,,,,,,,,,,,,,,,,,,,,,,,,,,,,,,
TC-038,5-BusinessE2E,e2e,flow-{{uuid:flow}},5-businesse2e,/vendor/idology/verify,idology-fail-no-esc,,"status=200;format=xml;raw=<?xml version=""1.0""?><response><summary-result><key>id.failure</key><message>FAIL</message></summary-result><results><key>result.match</key><message>ID Located</message></results></response>",,POST,http://10.0.32.30/api/v1/kyc/start,Content-Type=application/json,{{uuid:uid}},{{uuid:rid}},flow-{{uuid:flow}},DM,app,200,,,,,,,,,,POST,http://10.0.32.30/api/v1/kyc/resume,Content-Type=application/json,200,2000,{{uuid:uid}},{{uuid:rid2}},flow-{{uuid:flow}},DM,USM,true,,,,,,,,,200,error=not_null,,brightmomey_uks_2,2000,uks_kyc_flow,flow_id=flow-{{uuid:flow}},status=FAILED,,,,,,,,,,,/usm/user-profile=1;/vendor/idology/verify=1;/api/Lists/Search=1,IDology FAIL → LN hard block → FAILED → /resume → error (flow not PENDING).
TC-038,,,,,/api/OAuth2/Token,ln-token,,"status=200;raw={""access_token"":""tok_{{uuid:tok}}"",""expires_in"":3600}",,,,,,,,,,,,,,,,,,,,,,,,,,,,,,,,,,,,,,,,,,,,,,,,,,,,,,,,,,
TC-038,,,,,/api/Lists/Search,ln-hard,,"status=200;raw={""Records"":[{""InstantIDIndividual"":{""ComprehensiveVerificationIndex"":50,""NameAddressSSN"":{""RiskCode"":12},""NameAddressPhone"":{""RiskCode"":12},""RiskIndicators"":[{""RiskCode"":""IT""}]}}]}",,,,,,,,,,,,,,,,,,,,,,,,,,,,,,,,,,,,,,,,,,,,,,,,,,,,,,,,,,
TC-038,,,,,/usm/user-profile,usm-profile-default,,"status=200;raw={""bright_uid"":""{{uuid:uid}}"",""primary_email"":""john@example.com"",""primary_phonenum"":""+11234567890"",""first_name"":""John"",""last_name"":""Doe"",""date_of_birth"":""1990-05-15"",""is_kyc_verified"":false,""zip_code"":""78701"",""address"":{""address_type"":""bright"",""manual_address"":{""apt"":"""",""zip"":""78701"",""city"":""Austin"",""state"":{""long_name"":""Texas"",""short_name"":""TX""},""street"":""123 Main St""}},""ssn_encrypted"":""gAAAAABqQnJ4S7_gd7u2iaMV_8jNjzBVe4mkZcJVYDdxDbjrKQj6cvjhPR9Avyo2VKbuE8efqeBjeZIZugYZY23qE8EoKeh7fg=="",""ip"":""192.168.1.1"",""age"":35,""acquired_on"":""IOS_APP"",""is_deleted"":false,""error"":{}}",,,,,,,,,,,,,,,,,,,,,,,,,,,,,,,,,,,,,,,,,,,,,,,,,,,,,,,,,,
TC-039,5-BusinessE2E,e2e,flow-{{uuid:flow}},5-businesse2e,/vendor/idology/verify,idology-5xx,,status=500;raw=<error/>,,POST,http://10.0.32.30/api/v1/kyc/start,Content-Type=application/json,{{uuid:uid}},{{uuid:rid}},flow-{{uuid:flow}},DM,app,200,,,,,,,,,,POST,http://10.0.32.30/api/v1/kyc/resume,Content-Type=application/json,200,2000,{{uuid:uid}},{{uuid:rid2}},flow-{{uuid:flow}},DM,USM,true,,,,,,,,,200,error=not_null,,brightmomey_uks_2,2000,uks_kyc_flow,flow_id=flow-{{uuid:flow}},status=ERROR,,,,,,,,,,,/usm/user-profile=1;/vendor/idology/verify>=1,IDology 5xx → flow ERROR → /resume → error (flow not PENDING).
TC-039,,,,,/usm/user-profile,usm-profile-default,,"status=200;raw={""bright_uid"":""{{uuid:uid}}"",""primary_email"":""john@example.com"",""primary_phonenum"":""+11234567890"",""first_name"":""John"",""last_name"":""Doe"",""date_of_birth"":""1990-05-15"",""is_kyc_verified"":false,""zip_code"":""78701"",""address"":{""address_type"":""bright"",""manual_address"":{""apt"":"""",""zip"":""78701"",""city"":""Austin"",""state"":{""long_name"":""Texas"",""short_name"":""TX""},""street"":""123 Main St""}},""ssn_encrypted"":""gAAAAABqQnJ4S7_gd7u2iaMV_8jNjzBVe4mkZcJVYDdxDbjrKQj6cvjhPR9Avyo2VKbuE8efqeBjeZIZugYZY23qE8EoKeh7fg=="",""ip"":""192.168.1.1"",""age"":35,""acquired_on"":""IOS_APP"",""is_deleted"":false,""error"":{}}",,,,,,,,,,,,,,,,,,,,,,,,,,,,,,,,,,,,,,,,,,,,,,,,,,,,,,,,,,
TC-040,5-BusinessE2E,e2e,flow-{{uuid:flow}},5-businesse2e,/usm/user-profile,usm-profile-default,,"status=200;raw={""bright_uid"":""{{uuid:uid}}"",""primary_email"":""john@example.com"",""primary_phonenum"":""+11234567890"",""first_name"":""John"",""last_name"":""Doe"",""date_of_birth"":""1990-05-15"",""is_kyc_verified"":false,""zip_code"":""78701"",""address"":{""address_type"":""bright"",""manual_address"":{""apt"":"""",""zip"":""78701"",""city"":""Austin"",""state"":{""long_name"":""Texas"",""short_name"":""TX""},""street"":""123 Main St""}},""ssn_encrypted"":""gAAAAABqQnJ4S7_gd7u2iaMV_8jNjzBVe4mkZcJVYDdxDbjrKQj6cvjhPR9Avyo2VKbuE8efqeBjeZIZugYZY23qE8EoKeh7fg=="",""ip"":""192.168.1.1"",""age"":35,""acquired_on"":""IOS_APP"",""is_deleted"":false,""error"":{}}",,POST,http://10.0.32.30/api/v1/kyc/start,Content-Type=application/json,{{uuid:uid}},{{uuid:rid}},,DM,app,200,,,,,,,,,,,,,,,,,,,,,,,,,,,,,400,error=not_null;error.error_code=not_null;error.error_type=not_null,,,,,,,,,,,,,,,,,,/start missing flow_id → serializer validation error → error envelope.
TC-041,5-BusinessE2E,e2e,flow-{{uuid:flow}},5-businesse2e,/usm/user-profile,usm-profile-default,,"status=200;raw={""bright_uid"":""{{uuid:uid}}"",""primary_email"":""john@example.com"",""primary_phonenum"":""+11234567890"",""first_name"":""John"",""last_name"":""Doe"",""date_of_birth"":""1990-05-15"",""is_kyc_verified"":false,""zip_code"":""78701"",""address"":{""address_type"":""bright"",""manual_address"":{""apt"":"""",""zip"":""78701"",""city"":""Austin"",""state"":{""long_name"":""Texas"",""short_name"":""TX""},""street"":""123 Main St""}},""ssn_encrypted"":""gAAAAABqQnJ4S7_gd7u2iaMV_8jNjzBVe4mkZcJVYDdxDbjrKQj6cvjhPR9Avyo2VKbuE8efqeBjeZIZugYZY23qE8EoKeh7fg=="",""ip"":""192.168.1.1"",""age"":35,""acquired_on"":""IOS_APP"",""is_deleted"":false,""error"":{}}",,POST,http://10.0.32.30/api/v1/kyc/start,Content-Type=application/json,{{uuid:uid}},{{uuid:rid}},flow-{{uuid:flow}},,app,200,,,,,,,,,,,,,,,,,,,,,,,,,,,,,400,error=not_null;error.error_code=not_null;error.error_type=not_null,,,,,,,,,,,,,,,,,,/start missing kyc_type → serializer validation error → error envelope.
TC-042,5-BusinessE2E,e2e,flow-{{uuid:flow}},5-businesse2e,/usm/user-profile,usm-profile-default,,"status=200;raw={""bright_uid"":""{{uuid:uid}}"",""primary_email"":""john@example.com"",""primary_phonenum"":""+11234567890"",""first_name"":""John"",""last_name"":""Doe"",""date_of_birth"":""1990-05-15"",""is_kyc_verified"":false,""zip_code"":""78701"",""address"":{""address_type"":""bright"",""manual_address"":{""apt"":"""",""zip"":""78701"",""city"":""Austin"",""state"":{""long_name"":""Texas"",""short_name"":""TX""},""street"":""123 Main St""}},""ssn_encrypted"":""gAAAAABqQnJ4S7_gd7u2iaMV_8jNjzBVe4mkZcJVYDdxDbjrKQj6cvjhPR9Avyo2VKbuE8efqeBjeZIZugYZY23qE8EoKeh7fg=="",""ip"":""192.168.1.1"",""age"":35,""acquired_on"":""IOS_APP"",""is_deleted"":false,""error"":{}}",,POST,http://10.0.32.30/api/v1/kyc/resume,Content-Type=application/json,{{uuid:uid}},{{uuid:rid2}},flow-00000000-0000-0000-0000-000000000000,DM,USM,404,,,,,,,,,,,,,,,,,,,,,,,,,,,,,404,error=not_null;error.error_code=NO_VALID_FLOW_FOUND;error.error_type=KYC_RUNTIME_ERROR,,,,,,,,,,,,,,,,,,/resume with unknown flow_id → flow not found → error.
TC-043,5-BusinessE2E,e2e,flow-{{uuid:flow}},5-businesse2e,/vendor/idology/verify,idology-fail-esc-ssn,,"status=200;format=xml;raw=<?xml version=""1.0""?><response><summary-result><key>id.failure</key><message>FAIL</message></summary-result><results><key>result.match</key><message>ID Located</message></results><qualifiers><qualifier><key>resultcode.ssn.does.not.match</key></qualifier></qualifiers></response>",true,POST,http://10.0.32.30/api/v1/kyc/start,Content-Type=application/json,{{uuid:uid}},{{uuid:rid}},flow-{{uuid:flow}},DM,app,200,POST,http://10.0.32.30/api/v1/kyc/status_details/,Content-Type=application/json,200,1000,{{uuid:uid}},{{uuid:rid_sd}},flow-{{uuid:flow}},DM,POST,http://10.0.32.30/api/v1/kyc/resume,Content-Type=application/json,200,1000,{{uuid:uid}},{{uuid:rid2}},flow-{{uuid:flow}},DM,USM,true,,gAAAAABqQnJ4S7_gd7u2iaMV_8jNjzBVe4mkZcJVYDdxDbjrKQj6cvjhPR9Avyo2VKbuE8efqeBjeZIZugYZY23qE8EoKeh7fg==,,,,,,,200,error=null;data.flow_id=not_null,,brightmomey_uks_2,2000,uks_kyc_flow,flow_id=flow-{{uuid:flow}},status=ERROR,,,,escalation_log,flow_id=flow-{{uuid:flow}};escalation_type=ESCALATE_SSN,status=SAME_INPUT,,,,,/usm/user-profile=1;/vendor/idology/verify=1,IDology FAIL_SSN → PII esc → /resume no new SSN → SAME_INPUT → FAILED.
TC-043,,,,,/usm/user-profile,usm-profile-default,,"status=200;raw={""bright_uid"":""{{uuid:uid}}"",""primary_email"":""john@example.com"",""primary_phonenum"":""+11234567890"",""first_name"":""John"",""last_name"":""Doe"",""date_of_birth"":""1990-05-15"",""is_kyc_verified"":false,""zip_code"":""78701"",""address"":{""address_type"":""bright"",""manual_address"":{""apt"":"""",""zip"":""78701"",""city"":""Austin"",""state"":{""long_name"":""Texas"",""short_name"":""TX""},""street"":""123 Main St""}},""ssn_encrypted"":""gAAAAABqQnJ4S7_gd7u2iaMV_8jNjzBVe4mkZcJVYDdxDbjrKQj6cvjhPR9Avyo2VKbuE8efqeBjeZIZugYZY23qE8EoKeh7fg=="",""ip"":""192.168.1.1"",""age"":35,""acquired_on"":""IOS_APP"",""is_deleted"":false,""error"":{}}",,,,,,,,,,,,,,,,,,,,,,,,,,,,,,,,,,,,,,,,,,,,,,,,,,,,,,,,,,
TC-044,5-BusinessE2E,e2e,flow-{{uuid:flow}},5-businesse2e,/vendor/idology/verify,idology-fail-esc-addr,,"status=200;format=xml;raw=<?xml version=""1.0""?><response><summary-result><key>id.failure</key><message>FAIL</message></summary-result><results><key>result.match</key><message>ID Located</message></results><qualifiers><qualifier><key>resultcode.address.does.not.match</key></qualifier></qualifiers></response>",true,POST,http://10.0.32.30/api/v1/kyc/start,Content-Type=application/json,{{uuid:uid}},{{uuid:rid}},flow-{{uuid:flow}},DM,app,200,POST,http://10.0.32.30/api/v1/kyc/status_details/,Content-Type=application/json,200,1000,{{uuid:uid}},{{uuid:rid_sd}},flow-{{uuid:flow}},DM,POST,http://10.0.32.30/api/v1/kyc/resume,Content-Type=application/json,200,1000,{{uuid:uid}},{{uuid:rid2}},flow-{{uuid:flow}},DM,USM,true,,,,,123 Main St,,,,200,error=null;data.flow_id=not_null,,brightmomey_uks_2,2000,uks_kyc_flow,flow_id=flow-{{uuid:flow}},status=ERROR,,,,escalation_log,flow_id=flow-{{uuid:flow}};escalation_type=ESCALATE_ADDRESS,status=SAME_INPUT,,,,,/usm/user-profile=1;/vendor/idology/verify=1,IDology FAIL_ADDRESS → PII esc → /resume no new address → SAME_INPUT → FAILED.
TC-044,,,,,/usm/user-profile,usm-profile-default,,"status=200;raw={""bright_uid"":""{{uuid:uid}}"",""primary_email"":""john@example.com"",""primary_phonenum"":""+11234567890"",""first_name"":""John"",""last_name"":""Doe"",""date_of_birth"":""1990-05-15"",""is_kyc_verified"":false,""zip_code"":""78701"",""address"":{""address_type"":""bright"",""manual_address"":{""apt"":"""",""zip"":""78701"",""city"":""Austin"",""state"":{""long_name"":""Texas"",""short_name"":""TX""},""street"":""123 Main St""}},""ssn_encrypted"":""gAAAAABqQnJ4S7_gd7u2iaMV_8jNjzBVe4mkZcJVYDdxDbjrKQj6cvjhPR9Avyo2VKbuE8efqeBjeZIZugYZY23qE8EoKeh7fg=="",""ip"":""192.168.1.1"",""age"":35,""acquired_on"":""IOS_APP"",""is_deleted"":false,""error"":{}}",,,,,,,,,,,,,,,,,,,,,,,,,,,,,,,,,,,,,,,,,,,,,,,,,,,,,,,,,,
TC-045,5-BusinessE2E,e2e,flow-{{uuid:flow}},5-businesse2e,/vendor/idology/verify,idology-fail-esc-name,,"status=200;format=xml;raw=<?xml version=""1.0""?><response><summary-result><key>id.failure</key><message>FAIL</message></summary-result><results><key>result.match</key><message>ID Located</message></results><qualifiers><qualifier><key>resultcode.last.name.does.not.match</key></qualifier></qualifiers></response>",true,POST,http://10.0.32.30/api/v1/kyc/start,Content-Type=application/json,{{uuid:uid}},{{uuid:rid}},flow-{{uuid:flow}},DM,app,200,POST,http://10.0.32.30/api/v1/kyc/status_details/,Content-Type=application/json,200,1000,{{uuid:uid}},{{uuid:rid_sd}},flow-{{uuid:flow}},DM,POST,http://10.0.32.30/api/v1/kyc/resume,Content-Type=application/json,200,1000,{{uuid:uid}},{{uuid:rid2}},flow-{{uuid:flow}},DM,USM,true,,,,John,,,,,200,error=null;data.flow_id=not_null,,brightmomey_uks_2,2000,uks_kyc_flow,flow_id=flow-{{uuid:flow}},status=ERROR,,,,escalation_log,flow_id=flow-{{uuid:flow}};escalation_type=ESCALATE_FULL_NAME,status=SAME_INPUT,,,,,/usm/user-profile=1;/vendor/idology/verify=1,IDology FAIL_NAME → PII esc → /resume no new name → SAME_INPUT → FAILED.
TC-045,,,,,/usm/user-profile,usm-profile-default,,"status=200;raw={""bright_uid"":""{{uuid:uid}}"",""primary_email"":""john@example.com"",""primary_phonenum"":""+11234567890"",""first_name"":""John"",""last_name"":""Doe"",""date_of_birth"":""1990-05-15"",""is_kyc_verified"":false,""zip_code"":""78701"",""address"":{""address_type"":""bright"",""manual_address"":{""apt"":"""",""zip"":""78701"",""city"":""Austin"",""state"":{""long_name"":""Texas"",""short_name"":""TX""},""street"":""123 Main St""}},""ssn_encrypted"":""gAAAAABqQnJ4S7_gd7u2iaMV_8jNjzBVe4mkZcJVYDdxDbjrKQj6cvjhPR9Avyo2VKbuE8efqeBjeZIZugYZY23qE8EoKeh7fg=="",""ip"":""192.168.1.1"",""age"":35,""acquired_on"":""IOS_APP"",""is_deleted"":false,""error"":{}}",,,,,,,,,,,,,,,,,,,,,,,,,,,,,,,,,,,,,,,,,,,,,,,,,,,,,,,,,,
TC-046,5-BusinessE2E,e2e,flow-{{uuid:flow}},5-businesse2e,/vendor/idology/verify,idology-fail-esc-dob,,"status=200;format=xml;raw=<?xml version=""1.0""?><response><summary-result><key>id.failure</key><message>FAIL</message></summary-result><results><key>result.match</key><message>ID Located</message></results><qualifiers><qualifier><key>resultcode.no.dob.available</key></qualifier></qualifiers></response>",true,POST,http://10.0.32.30/api/v1/kyc/start,Content-Type=application/json,{{uuid:uid}},{{uuid:rid}},flow-{{uuid:flow}},DM,app,200,POST,http://10.0.32.30/api/v1/kyc/status_details/,Content-Type=application/json,200,1000,{{uuid:uid}},{{uuid:rid_sd}},flow-{{uuid:flow}},DM,POST,http://10.0.32.30/api/v1/kyc/resume,Content-Type=application/json,200,1000,{{uuid:uid}},{{uuid:rid2}},flow-{{uuid:flow}},DM,USM,true,,,1990-05-15,,,,,,200,error=null;data.flow_id=not_null,,brightmomey_uks_2,2000,uks_kyc_flow,flow_id=flow-{{uuid:flow}},status=ERROR,,,,escalation_log,flow_id=flow-{{uuid:flow}};escalation_type=ESCALATE_DOB,status=SAME_INPUT,,,,,/usm/user-profile=1;/vendor/idology/verify=1,IDology FAIL_DOB → PII esc → /resume no new DOB → SAME_INPUT → FAILED.
TC-046,,,,,/usm/user-profile,usm-profile-default,,"status=200;raw={""bright_uid"":""{{uuid:uid}}"",""primary_email"":""john@example.com"",""primary_phonenum"":""+11234567890"",""first_name"":""John"",""last_name"":""Doe"",""date_of_birth"":""1990-05-15"",""is_kyc_verified"":false,""zip_code"":""78701"",""address"":{""address_type"":""bright"",""manual_address"":{""apt"":"""",""zip"":""78701"",""city"":""Austin"",""state"":{""long_name"":""Texas"",""short_name"":""TX""},""street"":""123 Main St""}},""ssn_encrypted"":""gAAAAABqQnJ4S7_gd7u2iaMV_8jNjzBVe4mkZcJVYDdxDbjrKQj6cvjhPR9Avyo2VKbuE8efqeBjeZIZugYZY23qE8EoKeh7fg=="",""ip"":""192.168.1.1"",""age"":35,""acquired_on"":""IOS_APP"",""is_deleted"":false,""error"":{}}",,,,,,,,,,,,,,,,,,,,,,,,,,,,,,,,,,,,,,,,,,,,,,,,,,,,,,,,,,
TC-047,5-BusinessE2E,e2e,flow-{{uuid:flow}},5-businesse2e,/vendor/idology/verify,idology-fail-multi,,"status=200;format=xml;raw=<?xml version=""1.0""?><response><summary-result><key>id.failure</key><message>FAIL</message></summary-result><results><key>result.match</key><message>ID Located</message></results><qualifiers><qualifier><key>resultcode.ssn.does.not.match</key></qualifier><qualifier><key>resultcode.no.dob.available</key></qualifier></qualifiers></response>",true,POST,http://10.0.32.30/api/v1/kyc/start,Content-Type=application/json,{{uuid:uid}},{{uuid:rid}},flow-{{uuid:flow}},DM,app,200,POST,http://10.0.32.30/api/v1/kyc/status_details/,Content-Type=application/json,200,1000,{{uuid:uid}},{{uuid:rid_sd}},flow-{{uuid:flow}},DM,POST,http://10.0.32.30/api/v1/kyc/resume,Content-Type=application/json,200,1000,{{uuid:uid}},{{uuid:rid2}},flow-{{uuid:flow}},DM,USM,true,,gAAAAABqQnJ4S7_gd7u2iaMV_8jNjzBVe4mkZcJVYDdxDbjrKQj6cvjhPR9Avyo2VKbuE8efqeBjeZIZugYZY23qE8EoKeh7fg==,1990-05-15,,,,,,200,error=null;data.flow_id=not_null,,brightmomey_uks_2,2000,uks_kyc_flow,flow_id=flow-{{uuid:flow}},status=ERROR,,,,escalation_log,flow_id=flow-{{uuid:flow}};escalation_type=ESCALATE_SSN_DOB,status=SAME_INPUT,,,,,/usm/user-profile=1;/vendor/idology/verify=1,IDology FAIL (SSN+DOB) → ESCALATE_SSN_DOB → /resume same data → SAME_INPUT → FAILED.
TC-047,,,,,/usm/user-profile,usm-profile-default,,"status=200;raw={""bright_uid"":""{{uuid:uid}}"",""primary_email"":""john@example.com"",""primary_phonenum"":""+11234567890"",""first_name"":""John"",""last_name"":""Doe"",""date_of_birth"":""1990-05-15"",""is_kyc_verified"":false,""zip_code"":""78701"",""address"":{""address_type"":""bright"",""manual_address"":{""apt"":"""",""zip"":""78701"",""city"":""Austin"",""state"":{""long_name"":""Texas"",""short_name"":""TX""},""street"":""123 Main St""}},""ssn_encrypted"":""gAAAAABqQnJ4S7_gd7u2iaMV_8jNjzBVe4mkZcJVYDdxDbjrKQj6cvjhPR9Avyo2VKbuE8efqeBjeZIZugYZY23qE8EoKeh7fg=="",""ip"":""192.168.1.1"",""age"":35,""acquired_on"":""IOS_APP"",""is_deleted"":false,""error"":{}}",,,,,,,,,,,,,,,,,,,,,,,,,,,,,,,,,,,,,,,,,,,,,,,,,,,,,,,,,,
TC-048,5-BusinessE2E,e2e,flow-{{uuid:flow}},5-businesse2e,/vendor/idology/verify,idology-fail-no-esc,,"status=200;format=xml;raw=<?xml version=""1.0""?><response><summary-result><key>id.failure</key><message>FAIL</message></summary-result><results><key>result.match</key><message>ID Located</message></results></response>",,POST,http://10.0.32.30/api/v1/kyc/start,Content-Type=application/json,{{uuid:uid}},{{uuid:rid}},flow-{{uuid:flow}},DM,app,200,POST,http://10.0.32.30/api/v1/kyc/status_details/,Content-Type=application/json,200,1000,{{uuid:uid}},{{uuid:rid_sd}},flow-{{uuid:flow}},DM,POST,http://10.0.32.30/api/v1/kyc/resume,Content-Type=application/json,200,1000,{{uuid:uid}},{{uuid:rid2}},flow-{{uuid:flow}},DM,USM,true,,'999887777',,,,,,,200,error=null;data.flow_id=not_null,,brightmomey_uks_2,2000,uks_kyc_flow,flow_id=flow-{{uuid:flow}},status=PASSED,uks_kyc_flow,flow_id=flow-{{uuid:flow}},status=PASSED,escalation_log,flow_id=flow-{{uuid:flow}};escalation_type=ESCALATE_SSN,status=DIFFERENT_INPUT,,,,,/usm/user-profile=1;/vendor/idology/verify=2;/api/Lists/Search=2;/api/v1/inquiries>=1,LN SSN soft fail → Persona PASSED → SSN esc → /resume diff SSN → re-run IDology FAIL → LN PASSED.
TC-048,,,,,/api/OAuth2/Token,ln-token,,"status=200;raw={""access_token"":""tok_{{uuid:tok}}"",""expires_in"":3600}",,,,,,,,,,,,,,,,,,,,,,,,,,,,,,,,,,,,,,,,,,,,,,,,,,,,,,,,,,
TC-048,,,,,/api/Lists/Search,ln-retry,,"status=200;raw={""Records"":[{""InstantIDIndividual"":{""ComprehensiveVerificationIndex"":10,""NameAddressSSN"":{""RiskCode"":2},""NameAddressPhone"":{""RiskCode"":12}}}]}",true,,,,,,,,,,,,,,,,,,,,,,,,,,,,,,,,,,,,,,,,,,,,,,,,,,,,,,,,,
TC-048,,,,,/api/v1/inquiries,persona-create,,"status=200;raw={""data"":{""id"":""inq_{{uuid:inq}}"",""type"":""inquiry"",""attributes"":{""status"":""created"",""reference-id"":""{{uuid:uid}}""}}}",,,,,,,,,,,,,,,,,,,,,,,,,,,,,,,,,,,,,,,,,,,,,,,,,,,,,,,,,,
TC-048,,,,,/vendor/idology/verify,idology-fail-no-esc,,"status=200;format=xml;raw=<?xml version=""1.0""?><response><summary-result><key>id.failure</key><message>FAIL</message></summary-result><results><key>result.match</key><message>ID Located</message></results></response>",true,,,,,,,,,,,,,,,,,,,,,,,,,,,,,,,,,,,,,,,,,,,,,,,,,,,,,,,,,
TC-048,,,,,/api/Lists/Search,ln-retry,,"status=200;raw={""Records"":[{""InstantIDIndividual"":{""ComprehensiveVerificationIndex"":50,""NameAddressSSN"":{""RiskCode"":12},""NameAddressPhone"":{""RiskCode"":12}}}]}",true,,,,,,,,,,,,,,,,,,,,,,,,,,,,,,,,,,,,,,,,,,,,,,,,,,,,,,,,,
TC-048,,,,,/usm/user-profile,usm-profile-default,,"status=200;raw={""bright_uid"":""{{uuid:uid}}"",""primary_email"":""john@example.com"",""primary_phonenum"":""+11234567890"",""first_name"":""John"",""last_name"":""Doe"",""date_of_birth"":""1990-05-15"",""is_kyc_verified"":false,""zip_code"":""78701"",""address"":{""address_type"":""bright"",""manual_address"":{""apt"":"""",""zip"":""78701"",""city"":""Austin"",""state"":{""long_name"":""Texas"",""short_name"":""TX""},""street"":""123 Main St""}},""ssn_encrypted"":""gAAAAABqQnJ4S7_gd7u2iaMV_8jNjzBVe4mkZcJVYDdxDbjrKQj6cvjhPR9Avyo2VKbuE8efqeBjeZIZugYZY23qE8EoKeh7fg=="",""ip"":""192.168.1.1"",""age"":35,""acquired_on"":""IOS_APP"",""is_deleted"":false,""error"":{}}",,,,,,,,,,,,,,,,,,,,,,,,,,,,,,,,,,,,,,,,,,,,,,,,,,,,,,,,,,
TC-049,5-BusinessE2E,e2e,flow-{{uuid:flow}},5-businesse2e,/vendor/idology/verify,idology-fail-no-esc,,"status=200;format=xml;raw=<?xml version=""1.0""?><response><summary-result><key>id.failure</key><message>FAIL</message></summary-result><results><key>result.match</key><message>ID Located</message></results></response>",,POST,http://10.0.32.30/api/v1/kyc/start,Content-Type=application/json,{{uuid:uid}},{{uuid:rid}},flow-{{uuid:flow}},DM,app,200,POST,http://10.0.32.30/api/v1/kyc/status_details/,Content-Type=application/json,200,2000,{{uuid:uid}},{{uuid:rid_sd}},flow-{{uuid:flow}},DM,,,,,,,,,,,,,,,,,,,,200,error=null;data.status=PENDING;data.action_required_type=PERSONA_IDV,,brightmomey_uks_2,2000,uks_kyc_flow,flow_id=flow-{{uuid:flow}},status=PENDING,,,,,,,,,,,/usm/user-profile=1;/vendor/idology/verify=1;/api/Lists/Search=1;/api/v1/inquiries>=1,IDology FAIL → LN non-SSN → Persona PENDING → /status_details → PENDING + action_required_type=PERSONA_IDV.
TC-049,,,,,/api/OAuth2/Token,ln-token,,"status=200;raw={""access_token"":""tok_{{uuid:tok}}"",""expires_in"":3600}",,,,,,,,,,,,,,,,,,,,,,,,,,,,,,,,,,,,,,,,,,,,,,,,,,,,,,,,,,
TC-049,,,,,/api/Lists/Search,ln-non,,"status=200;raw={""Records"":[{""InstantIDIndividual"":{""ComprehensiveVerificationIndex"":10,""NameAddressSSN"":{""RiskCode"":7},""NameAddressPhone"":{""RiskCode"":12}}}]}",,,,,,,,,,,,,,,,,,,,,,,,,,,,,,,,,,,,,,,,,,,,,,,,,,,,,,,,,,
TC-049,,,,,/api/v1/inquiries,persona-create,,"status=200;raw={""data"":{""id"":""inq_{{uuid:inq}}"",""type"":""inquiry"",""attributes"":{""status"":""created"",""reference-id"":""{{uuid:uid}}""}}}",,,,,,,,,,,,,,,,,,,,,,,,,,,,,,,,,,,,,,,,,,,,,,,,,,,,,,,,,,
TC-049,,,,,/usm/user-profile,usm-profile-default,,"status=200;raw={""bright_uid"":""{{uuid:uid}}"",""primary_email"":""john@example.com"",""primary_phonenum"":""+11234567890"",""first_name"":""John"",""last_name"":""Doe"",""date_of_birth"":""1990-05-15"",""is_kyc_verified"":false,""zip_code"":""78701"",""address"":{""address_type"":""bright"",""manual_address"":{""apt"":"""",""zip"":""78701"",""city"":""Austin"",""state"":{""long_name"":""Texas"",""short_name"":""TX""},""street"":""123 Main St""}},""ssn_encrypted"":""gAAAAABqQnJ4S7_gd7u2iaMV_8jNjzBVe4mkZcJVYDdxDbjrKQj6cvjhPR9Avyo2VKbuE8efqeBjeZIZugYZY23qE8EoKeh7fg=="",""ip"":""192.168.1.1"",""age"":35,""acquired_on"":""IOS_APP"",""is_deleted"":false,""error"":{}}",,,,,,,,,,,,,,,,,,,,,,,,,,,,,,,,,,,,,,,,,,,,,,,,,,,,,,,,,,
TC-050,5-BusinessE2E,e2e,flow-{{uuid:flow}},5-businesse2e,/vendor/idology/verify,idology-PASSED,,"status=200;format=xml;raw=<?xml version=""1.0""?><response><summary-result><key>id.success</key><message>PASSED</message></summary-result><results><key>result.match</key><message>ID Located</message></results></response>",,POST,http://10.0.32.30/api/v1/kyc/start,Content-Type=application/json,{{uuid:uid}},{{uuid:rid}},flow-{{uuid:flow}},DM,app,200,POST,http://10.0.32.30/api/v1/kyc/status_details/,Content-Type=application/json,200,2000,{{uuid:uid}},{{uuid:rid_sd}},flow-{{uuid:flow}},DM,,,,,,,,,,,,,,,,,,,,200,error=null;data.status=PASSED,,brightmomey_uks_2,2000,uks_kyc_flow,flow_id=flow-{{uuid:flow}},status=PASSED,,,,,,,,,,,/usm/user-profile=1;/vendor/idology/verify=1,IDology PASSED → flow PASSED → /status_details → status=PASSED.
TC-050,,,,,/usm/user-profile,usm-profile-default,,"status=200;raw={""bright_uid"":""{{uuid:uid}}"",""primary_email"":""john@example.com"",""primary_phonenum"":""+11234567890"",""first_name"":""John"",""last_name"":""Doe"",""date_of_birth"":""1990-05-15"",""is_kyc_verified"":false,""zip_code"":""78701"",""address"":{""address_type"":""bright"",""manual_address"":{""apt"":"""",""zip"":""78701"",""city"":""Austin"",""state"":{""long_name"":""Texas"",""short_name"":""TX""},""street"":""123 Main St""}},""ssn_encrypted"":""gAAAAABqQnJ4S7_gd7u2iaMV_8jNjzBVe4mkZcJVYDdxDbjrKQj6cvjhPR9Avyo2VKbuE8efqeBjeZIZugYZY23qE8EoKeh7fg=="",""ip"":""192.168.1.1"",""age"":35,""acquired_on"":""IOS_APP"",""is_deleted"":false,""error"":{}}",,,,,,,,,,,,,,,,,,,,,,,,,,,,,,,,,,,,,,,,,,,,,,,,,,,,,,,,,,
TC-051,5-BusinessE2E,e2e,flow-{{uuid:flow}},5-businesse2e,/vendor/idology/verify,idology-fail-no-esc,,"status=200;format=xml;raw=<?xml version=""1.0""?><response><summary-result><key>id.failure</key><message>FAIL</message></summary-result><results><key>result.match</key><message>ID Located</message></results></response>",,POST,http://10.0.32.30/api/v1/kyc/start,Content-Type=application/json,{{uuid:uid}},{{uuid:rid}},flow-{{uuid:flow}},DM,app,200,POST,http://10.0.32.30/api/v1/kyc/status_details/,Content-Type=application/json,200,2000,{{uuid:uid}},{{uuid:rid_sd}},flow-{{uuid:flow}},DM,,,,,,,,,,,,,,,,,,,,200,error=null;data.status=FAILED,,brightmomey_uks_2,2000,uks_kyc_flow,flow_id=flow-{{uuid:flow}},status=FAILED,,,,,,,,,,,/usm/user-profile=1;/vendor/idology/verify=1;/api/Lists/Search=1,IDology FAIL → LN hard → FAILED → /status_details → status=FAILED.
TC-051,,,,,/api/OAuth2/Token,ln-token,,"status=200;raw={""access_token"":""tok_{{uuid:tok}}"",""expires_in"":3600}",,,,,,,,,,,,,,,,,,,,,,,,,,,,,,,,,,,,,,,,,,,,,,,,,,,,,,,,,,
TC-051,,,,,/api/Lists/Search,ln-hard,,"status=200;raw={""Records"":[{""InstantIDIndividual"":{""ComprehensiveVerificationIndex"":50,""NameAddressSSN"":{""RiskCode"":12},""NameAddressPhone"":{""RiskCode"":12},""RiskIndicators"":[{""RiskCode"":""IT""}]}}]}",,,,,,,,,,,,,,,,,,,,,,,,,,,,,,,,,,,,,,,,,,,,,,,,,,,,,,,,,,
TC-051,,,,,/usm/user-profile,usm-profile-default,,"status=200;raw={""bright_uid"":""{{uuid:uid}}"",""primary_email"":""john@example.com"",""primary_phonenum"":""+11234567890"",""first_name"":""John"",""last_name"":""Doe"",""date_of_birth"":""1990-05-15"",""is_kyc_verified"":false,""zip_code"":""78701"",""address"":{""address_type"":""bright"",""manual_address"":{""apt"":"""",""zip"":""78701"",""city"":""Austin"",""state"":{""long_name"":""Texas"",""short_name"":""TX""},""street"":""123 Main St""}},""ssn_encrypted"":""gAAAAABqQnJ4S7_gd7u2iaMV_8jNjzBVe4mkZcJVYDdxDbjrKQj6cvjhPR9Avyo2VKbuE8efqeBjeZIZugYZY23qE8EoKeh7fg=="",""ip"":""192.168.1.1"",""age"":35,""acquired_on"":""IOS_APP"",""is_deleted"":false,""error"":{}}",,,,,,,,,,,,,,,,,,,,,,,,,,,,,,,,,,,,,,,,,,,,,,,,,,,,,,,,,,
TC-052,5-BusinessE2E,e2e,flow-{{uuid:flow}},5-businesse2e,/vendor/idology/verify,idology-5xx,,status=500;raw=<error/>,,POST,http://10.0.32.30/api/v1/kyc/start,Content-Type=application/json,{{uuid:uid}},{{uuid:rid}},flow-{{uuid:flow}},DM,app,200,POST,http://10.0.32.30/api/v1/kyc/status_details/,Content-Type=application/json,200,2000,{{uuid:uid}},{{uuid:rid_sd}},flow-{{uuid:flow}},DM,,,,,,,,,,,,,,,,,,,,200,error=null;data.status=ERROR,,brightmomey_uks_2,2000,uks_kyc_flow,flow_id=flow-{{uuid:flow}},status=ERROR,,,,,,,,,,,/usm/user-profile=1;/vendor/idology/verify>=1,IDology 5xx → ERROR → /status_details → status=ERROR.
TC-052,,,,,/usm/user-profile,usm-profile-default,,"status=200;raw={""bright_uid"":""{{uuid:uid}}"",""primary_email"":""john@example.com"",""primary_phonenum"":""+11234567890"",""first_name"":""John"",""last_name"":""Doe"",""date_of_birth"":""1990-05-15"",""is_kyc_verified"":false,""zip_code"":""78701"",""address"":{""address_type"":""bright"",""manual_address"":{""apt"":"""",""zip"":""78701"",""city"":""Austin"",""state"":{""long_name"":""Texas"",""short_name"":""TX""},""street"":""123 Main St""}},""ssn_encrypted"":""gAAAAABqQnJ4S7_gd7u2iaMV_8jNjzBVe4mkZcJVYDdxDbjrKQj6cvjhPR9Avyo2VKbuE8efqeBjeZIZugYZY23qE8EoKeh7fg=="",""ip"":""192.168.1.1"",""age"":35,""acquired_on"":""IOS_APP"",""is_deleted"":false,""error"":{}}",,,,,,,,,,,,,,,,,,,,,,,,,,,,,,,,,,,,,,,,,,,,,,,,,,,,,,,,,,
TC-053,5-BusinessE2E,e2e,flow-{{uuid:flow}},5-businesse2e,/vendor/idology/verify,idology-fail-esc-ssn,,"status=200;format=xml;raw=<?xml version=""1.0""?><response><summary-result><key>id.failure</key><message>FAIL</message></summary-result><results><key>result.match</key><message>ID Located</message></results><qualifiers><qualifier><key>resultcode.ssn.does.not.match</key></qualifier></qualifiers></response>",true,POST,http://10.0.32.30/api/v1/kyc/start,Content-Type=application/json,{{uuid:uid}},{{uuid:rid}},flow-{{uuid:flow}},DM,app,200,POST,http://10.0.32.30/api/v1/kyc/status_details/,Content-Type=application/json,200,2000,{{uuid:uid}},{{uuid:rid_sd}},flow-{{uuid:flow}},DM,,,,,,,,,,,,,,,,,,,,200,error=null;data.status=PENDING;data.action_required_type=SSN,,brightmomey_uks_2,2000,uks_kyc_flow,flow_id=flow-{{uuid:flow}},status=PENDING,escalation_log,flow_id=flow-{{uuid:flow}};escalation_type=ESCALATE_SSN,status=IN_PROGRESS,,,,,,,,/usm/user-profile=1;/vendor/idology/verify=1,IDology FAIL_SSN → ESCALATE_SSN → /status_details → PENDING action_required_type=SSN.
TC-053,,,,,/usm/user-profile,usm-profile-default,,"status=200;raw={""bright_uid"":""{{uuid:uid}}"",""primary_email"":""john@example.com"",""primary_phonenum"":""+11234567890"",""first_name"":""John"",""last_name"":""Doe"",""date_of_birth"":""1990-05-15"",""is_kyc_verified"":false,""zip_code"":""78701"",""address"":{""address_type"":""bright"",""manual_address"":{""apt"":"""",""zip"":""78701"",""city"":""Austin"",""state"":{""long_name"":""Texas"",""short_name"":""TX""},""street"":""123 Main St""}},""ssn_encrypted"":""gAAAAABqQnJ4S7_gd7u2iaMV_8jNjzBVe4mkZcJVYDdxDbjrKQj6cvjhPR9Avyo2VKbuE8efqeBjeZIZugYZY23qE8EoKeh7fg=="",""ip"":""192.168.1.1"",""age"":35,""acquired_on"":""IOS_APP"",""is_deleted"":false,""error"":{}}",,,,,,,,,,,,,,,,,,,,,,,,,,,,,,,,,,,,,,,,,,,,,,,,,,,,,,,,,,
TC-054,5-BusinessE2E,e2e,flow-{{uuid:flow}},5-businesse2e,/vendor/idology/verify,idology-fail-no-esc,,"status=200;format=xml;raw=<?xml version=""1.0""?><response><summary-result><key>id.failure</key><message>FAIL</message></summary-result><results><key>result.match</key><message>ID Located</message></results></response>",,POST,http://10.0.32.30/api/v1/kyc/start,Content-Type=application/json,{{uuid:uid}},{{uuid:rid}},flow-{{uuid:flow}},DM,app,200,,,,,,,,,,POST,http://10.0.32.30/api/v1/kyc/resume,Content-Type=application/json,200,2000,{{uuid:uid}},{{uuid:rid2}},flow-{{uuid:flow}},DM,USM,true,'PASSED',,,,,1,1,5,200,error=null;data.flow_id=not_null,,brightmomey_uks_2,2000,uks_kyc_flow,flow_id=flow-{{uuid:flow}},status=PASSED,uks_kyc_flow,flow_id=flow-{{uuid:flow}},status=PASSED,,,,,,,,/usm/user-profile=1;/vendor/idology/verify=1;/api/Lists/Search=1;/api/v1/inquiries=1,Persona PENDING → 5 concurrent /resume persona_kyc_verified=PASSED → idempotent single PASSED.
TC-054,,,,,/api/OAuth2/Token,ln-token,,"status=200;raw={""access_token"":""tok_{{uuid:tok}}"",""expires_in"":3600}",,,,,,,,,,,,,,,,,,,,,,,,,,,,,,,,,,,,,,,,,,,,,,,,,,,,,,,,,,
TC-054,,,,,/api/Lists/Search,ln-non,,"status=200;raw={""Records"":[{""InstantIDIndividual"":{""ComprehensiveVerificationIndex"":10,""NameAddressSSN"":{""RiskCode"":7},""NameAddressPhone"":{""RiskCode"":12}}}]}",,,,,,,,,,,,,,,,,,,,,,,,,,,,,,,,,,,,,,,,,,,,,,,,,,,,,,,,,,
TC-054,,,,,/api/v1/inquiries,persona-create,,"status=200;raw={""data"":{""id"":""inq_{{uuid:inq}}"",""type"":""inquiry"",""attributes"":{""status"":""created"",""reference-id"":""{{uuid:uid}}""}}}",,,,,,,,,,,,,,,,,,,,,,,,,,,,,,,,,,,,,,,,,,,,,,,,,,,,,,,,,,
TC-054,,,,,/usm/user-profile,usm-profile-default,,"status=200;raw={""bright_uid"":""{{uuid:uid}}"",""primary_email"":""john@example.com"",""primary_phonenum"":""+11234567890"",""first_name"":""John"",""last_name"":""Doe"",""date_of_birth"":""1990-05-15"",""is_kyc_verified"":false,""zip_code"":""78701"",""address"":{""address_type"":""bright"",""manual_address"":{""apt"":"""",""zip"":""78701"",""city"":""Austin"",""state"":{""long_name"":""Texas"",""short_name"":""TX""},""street"":""123 Main St""}},""ssn_encrypted"":""gAAAAABqQnJ4S7_gd7u2iaMV_8jNjzBVe4mkZcJVYDdxDbjrKQj6cvjhPR9Avyo2VKbuE8efqeBjeZIZugYZY23qE8EoKeh7fg=="",""ip"":""192.168.1.1"",""age"":35,""acquired_on"":""IOS_APP"",""is_deleted"":false,""error"":{}}",,,,,,,,,,,,,,,,,,,,,,,,,,,,,,,,,,,,,,,,,,,,,,,,,,,,,,,,,,
